pokedex_number,name,type_1,hp,attack,defense,sp_attack,sp_defense,speed,base_stat_total,generation,is_legendary,is_mythical,habitat,capture_rate
1,Bulbasaur,Grass,45,49,49,65,65,45,318,1,False,False,grassland,45
2,Ivysaur,Grass,60,62,63,80,80,60,405,1,False,False,grassland,45
3,Venusaur,Grass,80,82,83,100,100,80,525,1,False,False,grassland,45
4,Charmander,Fire,39,52,43,60,50,65,309,1,False,False,mountain,45
5,Charmeleon,Fire,58,64,58,80,65,80,405,1,False,False,mountain,45
6,Charizard,Fire,78,84,78,109,85,100,534,1,False,False,mountain,45
7,Squirtle,Water,44,48,65,50,64,43,314,1,False,False,waters-edge,45
8,Wartortle,Water,59,63,80,65,80,58,405,1,False,False,waters-edge,45
9,Blastoise,Water,79,83,100,85,105,78,530,1,False,False,waters-edge,45
10,Caterpie,Bug,45,30,35,20,20,45,195,1,False,False,forest,255
11,Metapod,Bug,50,20,55,25,25,30,205,1,False,False,forest,120
12,Butterfree,Bug,60,45,50,90,80,70,395,1,False,False,forest,45
13,Weedle,Bug,40,35,30,20,20,50,195,1,False,False,forest,255
14,Kakuna,Bug,45,25,50,25,25,35,205,1,False,False,forest,120
15,Beedrill,Bug,65,90,40,45,80,75,395,1,False,False,forest,45
16,Pidgey,Normal,40,45,40,35,35,56,251,1,False,False,forest,255
17,Pidgeotto,Normal,63,60,55,50,50,71,349,1,False,False,forest,120
18,Pidgeot,Normal,83,80,75,70,70,101,479,1,False,False,forest,45
19,Rattata,Normal,30,56,35,25,35,72,253,1,False,False,grassland,255
20,Raticate,Normal,55,81,60,50,70,97,413,1,False,False,grassland,127
21,Spearow,Normal,40,60,30,31,31,70,262,1,False,False,rough-terrain,255
22,Fearow,Normal,65,90,65,61,61,100,442,1,False,False,rough-terrain,90
23,Ekans,Poison,35,60,44,40,54,55,288,1,False,False,grassland,255
24,Arbok,Poison,60,95,69,65,79,80,448,1,False,False,grassland,90
25,Pikachu,Electric,35,55,40,50,50,90,320,1,False,False,forest,190
26,Raichu,Electric,60,90,55,90,80,110,485,1,False,False,forest,75
27,Sandshrew,Ground,50,75,85,20,30,40,300,1,False,False,rough-terrain,255
28,Sandslash,Ground,75,100,110,45,55,65,450,1,False,False,rough-terrain,90
29,Nidoran-F,Poison,55,47,52,40,40,41,275,1,False,False,grassland,235
30,Nidorina,Poison,70,62,67,55,55,56,365,1,False,False,grassland,120
31,Nidoqueen,Poison,90,92,87,75,85,76,505,1,False,False,grassland,45
32,Nidoran-M,Poison,46,57,40,40,40,50,273,1,False,False,grassland,235
33,Nidorino,Poison,61,72,57,55,55,65,365,1,False,False,grassland,120
34,Nidoking,Poison,81,102,77,85,75,85,505,1,False,False,grassland,45
35,Clefairy,Fairy,70,45,48,60,65,35,323,1,False,False,mountain,150
36,Clefable,Fairy,95,70,73,95,90,60,483,1,False,False,mountain,25
37,Vulpix,Fire,38,41,40,50,65,65,299,1,False,False,grassland,190
38,Ninetales,Fire,73,76,75,81,100,100,505,1,False,False,grassland,75
39,Jigglypuff,Normal,115,45,20,45,25,20,270,1,False,False,grassland,170
40,Wigglytuff,Normal,140,70,45,85,50,45,435,1,False,False,grassland,50
41,Zubat,Poison,40,45,35,30,40,55,245,1,False,False,cave,255
42,Golbat,Poison,75,80,70,65,75,90,455,1,False,False,cave,90
43,Oddish,Grass,45,50,55,75,65,30,320,1,False,False,grassland,255
44,Gloom,Grass,60,65,70,85,75,40,395,1,False,False,grassland,120
45,Vileplume,Grass,75,80,85,110,90,50,490,1,False,False,grassland,45
46,Paras,Bug,35,70,55,45,55,25,285,1,False,False,forest,190
47,Parasect,Bug,60,95,80,60,80,30,405,1,False,False,forest,75
48,Venonat,Bug,60,55,50,40,55,45,305,1,False,False,forest,190
49,Venomoth,Bug,70,65,60,90,75,90,450,1,False,False,forest,75
50,Diglett,Ground,10,55,25,35,45,95,265,1,False,False,cave,255
51,Dugtrio,Ground,35,100,50,50,70,120,425,1,False,False,cave,50
52,Meowth,Normal,40,45,35,40,40,90,290,1,False,False,urban,255
53,Persian,Normal,65,70,60,65,65,115,440,1,False,False,urban,90
54,Psyduck,Water,50,52,48,65,50,55,320,1,False,False,waters-edge,190
55,Golduck,Water,80,82,78,95,80,85,500,1,False,False,waters-edge,75
56,Mankey,Fighting,40,80,35,35,45,70,305,1,False,False,mountain,190
57,Primeape,Fighting,65,105,60,60,70,95,455,1,False,False,mountain,75
58,Growlithe,Fire,55,70,45,70,50,60,350,1,False,False,grassland,190
59,Arcanine,Fire,90,110,80,100,80,95,555,1,False,False,grassland,75
60,Poliwag,Water,40,50,40,40,40,90,300,1,False,False,waters-edge,255
61,Poliwhirl,Water,65,65,65,50,50,90,385,1,False,False,waters-edge,120
62,Poliwrath,Water,90,95,95,70,90,70,510,1,False,False,waters-edge,45
63,Abra,Psychic,25,20,15,105,55,90,310,1,False,False,urban,200
64,Kadabra,Psychic,40,35,30,120,70,105,400,1,False,False,urban,100
65,Alakazam,Psychic,55,50,45,135,95,120,500,1,False,False,urban,50
66,Machop,Fighting,70,80,50,35,35,35,305,1,False,False,mountain,180
67,Machoke,Fighting,80,100,70,50,60,45,405,1,False,False,mountain,90
68,Machamp,Fighting,90,130,80,65,85,55,505,1,False,False,mountain,45
69,Bellsprout,Grass,50,75,35,70,30,40,300,1,False,False,forest,255
70,Weepinbell,Grass,65,90,50,85,45,55,390,1,False,False,forest,120
71,Victreebel,Grass,80,105,65,100,70,70,490,1,False,False,forest,45
72,Tentacool,Water,40,40,35,50,100,70,335,1,False,False,sea,190
73,Tentacruel,Water,80,70,65,80,120,100,515,1,False,False,sea,60
74,Geodude,Rock,40,80,100,30,30,20,300,1,False,False,mountain,255
75,Graveler,Rock,55,95,115,45,45,35,390,1,False,False,mountain,120
76,Golem,Rock,80,120,130,55,65,45,495,1,False,False,mountain,45
77,Ponyta,Fire,50,85,55,65,65,90,410,1,False,False,grassland,190
78,Rapidash,Fire,65,100,70,80,80,105,500,1,False,False,grassland,60
79,Slowpoke,Water,90,65,65,40,40,15,315,1,False,False,waters-edge,190
80,Slowbro,Water,95,75,110,100,80,30,490,1,False,False,waters-edge,75
81,Magnemite,Electric,25,35,70,95,55,45,325,1,False,False,rough-terrain,190
82,Magneton,Electric,50,60,95,120,70,70,465,1,False,False,rough-terrain,60
83,Farfetchd,Normal,52,90,55,58,62,60,377,1,False,False,grassland,45
84,Doduo,Normal,35,85,45,35,35,75,310,1,False,False,grassland,190
85,Dodrio,Normal,60,110,70,60,60,110,470,1,False,False,grassland,45
86,Seel,Water,65,45,55,45,70,45,325,1,False,False,sea,190
87,Dewgong,Water,90,70,80,70,95,70,475,1,False,False,sea,75
88,Grimer,Poison,80,80,50,40,50,25,325,1,False,False,urban,190
89,Muk,Poison,105,105,75,65,100,50,500,1,False,False,urban,75
90,Shellder,Water,30,65,100,45,25,40,305,1,False,False,sea,190
91,Cloyster,Water,50,95,180,85,45,70,525,1,False,False,sea,60
92,Gastly,Ghost,30,35,30,100,35,80,310,1,False,False,cave,190
93,Haunter,Ghost,45,50,45,115,55,95,405,1,False,False,cave,90
94,Gengar,Ghost,60,65,60,130,75,110,500,1,False,False,cave,45
95,Onix,Rock,35,45,160,30,45,70,385,1,False,False,cave,45
96,Drowzee,Psychic,60,48,45,43,90,42,328,1,False,False,grassland,190
97,Hypno,Psychic,85,73,70,73,115,67,483,1,False,False,grassland,75
98,Krabby,Water,30,105,90,25,25,50,325,1,False,False,waters-edge,225
99,Kingler,Water,55,130,115,50,50,75,475,1,False,False,waters-edge,60
100,Voltorb,Electric,40,30,50,55,55,100,330,1,False,False,urban,190
101,Electrode,Electric,60,50,70,80,80,150,490,1,False,False,urban,60
102,Exeggcute,Grass,60,40,80,60,45,40,325,1,False,False,forest,90
103,Exeggutor,Grass,95,95,85,125,75,55,530,1,False,False,forest,45
104,Cubone,Ground,50,50,95,40,50,35,320,1,False,False,mountain,190
105,Marowak,Ground,60,80,110,50,80,45,425,1,False,False,mountain,75
106,Hitmonlee,Fighting,50,120,53,35,110,87,455,1,False,False,urban,45
107,Hitmonchan,Fighting,50,105,79,35,110,76,455,1,False,False,urban,45
108,Lickitung,Normal,90,55,75,60,75,30,385,1,False,False,grassland,45
109,Koffing,Poison,40,65,95,60,45,35,340,1,False,False,urban,190
110,Weezing,Poison,65,90,120,85,70,60,490,1,False,False,urban,60
111,Rhyhorn,Ground,80,85,95,30,30,25,345,1,False,False,rough-terrain,120
112,Rhydon,Ground,105,130,120,45,45,40,485,1,False,False,rough-terrain,60
113,Chansey,Normal,250,5,5,35,105,50,450,1,False,False,urban,30
114,Tangela,Grass,65,55,115,100,40,60,435,1,False,False,grassland,45
115,Kangaskhan,Normal,105,95,80,40,80,90,490,1,False,False,grassland,45
116,Horsea,Water,30,40,70,70,25,60,295,1,False,False,sea,225
117,Seadra,Water,55,65,95,95,45,85,440,1,False,False,sea,75
118,Goldeen,Water,45,67,60,35,50,63,320,1,False,False,waters-edge,225
119,Seaking,Water,80,92,65,65,80,68,450,1,False,False,waters-edge,60
120,Staryu,Water,30,45,55,70,55,85,340,1,False,False,sea,225
121,Starmie,Water,60,75,85,100,85,115,520,1,False,False,sea,60
122,Mr-Mime,Psychic,40,45,65,100,120,90,460,1,False,False,urban,45
123,Scyther,Bug,70,110,80,55,80,105,500,1,False,False,grassland,45
124,Jynx,Ice,65,50,35,115,95,95,455,1,False,False,urban,45
125,Electabuzz,Electric,65,83,57,95,85,105,490,1,False,False,grassland,45
126,Magmar,Fire,65,95,57,100,85,93,495,1,False,False,mountain,45
127,Pinsir,Bug,65,125,100,55,70,85,500,1,False,False,forest,45
128,Tauros,Normal,75,100,95,40,70,110,490,1,False,False,grassland,45
129,Magikarp,Water,20,10,55,15,20,80,200,1,False,False,waters-edge,255
130,Gyarados,Water,95,125,79,60,100,81,540,1,False,False,waters-edge,45
131,Lapras,Water,130,85,80,85,95,60,535,1,False,False,sea,45
132,Ditto,Normal,48,48,48,48,48,48,288,1,False,False,urban,35
133,Eevee,Normal,55,55,50,45,65,55,325,1,False,False,urban,45
134,Vaporeon,Water,130,65,60,110,95,65,525,1,False,False,urban,45
135,Jolteon,Electric,65,65,60,110,95,130,525,1,False,False,urban,45
136,Flareon,Fire,65,130,60,95,110,65,525,1,False,False,urban,45
137,Porygon,Normal,65,60,70,85,75,40,395,1,False,False,urban,45
138,Omanyte,Rock,35,40,100,90,55,35,355,1,False,False,sea,45
139,Omastar,Rock,70,60,125,115,70,55,495,1,False,False,sea,45
140,Kabuto,Rock,30,80,90,55,45,55,355,1,False,False,sea,45
141,Kabutops,Rock,60,115,105,65,70,80,495,1,False,False,sea,45
142,Aerodactyl,Rock,80,105,65,60,75,130,515,1,False,False,mountain,45
143,Snorlax,Normal,160,110,65,65,110,30,540,1,False,False,mountain,25
800,Necrozma,Psychic,97,107,101,127,89,79,600,7,True,False,,255
890,Eternatus,Poison,140,85,95,145,95,130,690,8,True,False,,255
1024,Terapagos,Normal,90,65,85,65,85,60,450,9,True,False,,255
147,Dratini,Dragon,41,64,45,50,50,50,300,1,False,False,waters-edge,45
148,Dragonair,Dragon,61,84,65,70,70,70,420,1,False,False,waters-edge,45
149,Dragonite,Dragon,91,134,95,100,100,80,600,1,False,False,waters-edge,45
384,Rayquaza,Dragon,105,150,90,150,90,95,680,3,True,False,rare,45
151,Mew,Psychic,100,100,100,100,100,100,600,1,False,True,rare,45
152,Chikorita,Grass,45,49,65,49,65,45,318,2,False,False,grassland,45
153,Bayleef,Grass,60,62,80,63,80,60,405,2,False,False,grassland,45
154,Meganium,Grass,80,82,100,83,100,80,525,2,False,False,grassland,45
155,Cyndaquil,Fire,39,52,43,60,50,65,309,2,False,False,grassland,45
156,Quilava,Fire,58,64,58,80,65,80,405,2,False,False,grassland,45
157,Typhlosion,Fire,78,84,78,109,85,100,534,2,False,False,grassland,45
158,Totodile,Water,50,65,64,44,48,43,314,2,False,False,waters-edge,45
159,Croconaw,Water,65,80,80,59,63,58,405,2,False,False,waters-edge,45
160,Feraligatr,Water,85,105,100,79,83,78,530,2,False,False,waters-edge,45
161,Sentret,Normal,35,46,34,35,45,20,215,2,False,False,grassland,255
162,Furret,Normal,85,76,64,45,55,90,415,2,False,False,grassland,90
163,Hoothoot,Normal,60,30,30,36,56,50,262,2,False,False,forest,255
164,Noctowl,Normal,100,50,50,86,96,70,452,2,False,False,forest,90
165,Ledyba,Bug,40,20,30,40,80,55,265,2,False,False,forest,255
166,Ledian,Bug,55,35,50,55,110,85,390,2,False,False,forest,90
167,Spinarak,Bug,40,60,40,40,40,30,250,2,False,False,forest,255
168,Ariados,Bug,70,90,70,60,70,40,400,2,False,False,forest,90
169,Crobat,Poison,85,90,80,70,80,130,535,2,False,False,cave,90
170,Chinchou,Water,75,38,38,56,56,67,330,2,False,False,sea,190
171,Lanturn,Water,125,58,58,76,76,67,460,2,False,False,sea,75
172,Pichu,Electric,20,40,15,35,35,60,205,2,False,False,forest,190
173,Cleffa,Fairy,50,25,28,45,55,15,218,2,False,False,mountain,150
174,Igglybuff,Normal,90,30,15,40,20,15,210,2,False,False,grassland,170
175,Togepi,Fairy,35,20,65,40,65,20,245,2,False,False,forest,190
176,Togetic,Fairy,55,40,85,80,105,40,405,2,False,False,forest,75
177,Natu,Psychic,40,50,45,70,45,70,320,2,False,False,forest,190
178,Xatu,Psychic,65,75,70,95,70,95,470,2,False,False,forest,75
179,Mareep,Electric,55,40,40,65,45,35,280,2,False,False,grassland,235
180,Flaaffy,Electric,70,55,55,80,60,45,365,2,False,False,grassland,120
181,Ampharos,Electric,90,75,85,115,90,55,510,2,False,False,grassland,45
182,Bellossom,Grass,75,80,95,90,100,50,490,2,False,False,grassland,45
183,Marill,Water,70,20,50,20,50,40,250,2,False,False,waters-edge,190
184,Azumarill,Water,100,50,80,60,80,50,420,2,False,False,waters-edge,75
185,Sudowoodo,Rock,70,100,115,30,65,30,410,2,False,False,forest,65
186,Politoed,Water,90,75,75,90,100,70,500,2,False,False,waters-edge,45
187,Hoppip,Grass,35,35,40,35,55,50,250,2,False,False,grassland,255
188,Skiploom,Grass,55,45,50,45,65,80,340,2,False,False,grassland,120
189,Jumpluff,Grass,75,55,70,55,95,110,460,2,False,False,grassland,45
190,Aipom,Normal,55,70,55,40,55,85,360,2,False,False,forest,45
191,Sunkern,Grass,30,30,30,30,30,30,180,2,False,False,grassland,235
192,Sunflora,Grass,75,75,55,105,85,30,425,2,False,False,grassland,120
193,Yanma,Bug,65,65,45,75,45,95,390,2,False,False,forest,75
194,Wooper,Water,55,45,45,25,25,15,210,2,False,False,waters-edge,255
195,Quagsire,Water,95,85,85,65,65,35,430,2,False,False,waters-edge,90
196,Espeon,Psychic,65,65,60,130,95,110,525,2,False,False,urban,45
197,Umbreon,Dark,95,65,110,60,130,65,525,2,False,False,urban,45
198,Murkrow,Dark,60,85,42,85,42,91,405,2,False,False,forest,30
199,Slowking,Water,95,75,80,100,110,30,490,2,False,False,waters-edge,70
200,Misdreavus,Ghost,60,60,60,85,85,85,435,2,False,False,cave,45
201,Unown,Psychic,48,72,48,72,48,48,336,2,False,False,rare,225
202,Wobbuffet,Psychic,190,33,58,33,58,33,405,2,False,False,cave,45
203,Girafarig,Normal,70,80,65,90,65,85,455,2,False,False,grassland,60
204,Pineco,Bug,50,65,90,35,35,15,290,2,False,False,forest,190
205,Forretress,Bug,75,90,140,60,60,40,465,2,False,False,forest,75
206,Dunsparce,Normal,100,70,70,65,65,45,415,2,False,False,cave,190
207,Gligar,Ground,65,75,105,35,65,85,430,2,False,False,mountain,60
208,Steelix,Steel,75,85,200,55,65,30,510,2,False,False,cave,25
209,Snubbull,Fairy,60,80,50,40,40,30,300,2,False,False,urban,190
210,Granbull,Fairy,90,120,75,60,60,45,450,2,False,False,urban,75
211,Qwilfish,Water,65,95,85,55,55,85,440,2,False,False,sea,45
212,Scizor,Bug,70,130,100,55,80,65,500,2,False,False,grassland,25
213,Shuckle,Bug,20,10,230,10,230,5,505,2,False,False,mountain,190
214,Heracross,Bug,80,125,75,40,95,85,500,2,False,False,forest,45
215,Sneasel,Dark,55,95,55,35,75,115,430,2,False,False,forest,60
216,Teddiursa,Normal,60,80,50,50,50,40,330,2,False,False,mountain,120
217,Ursaring,Normal,90,130,75,75,75,55,500,2,False,False,mountain,60
218,Slugma,Fire,40,40,40,70,40,20,250,2,False,False,mountain,190
219,Magcargo,Fire,60,50,120,90,80,30,430,2,False,False,mountain,75
220,Swinub,Ice,50,50,40,30,30,50,250,2,False,False,cave,225
221,Piloswine,Ice,100,100,80,60,60,50,450,2,False,False,cave,75
222,Corsola,Water,65,55,95,65,95,35,410,2,False,False,sea,60
223,Remoraid,Water,35,65,35,65,35,65,300,2,False,False,sea,190
224,Octillery,Water,75,105,75,105,75,45,480,2,False,False,sea,75
225,Delibird,Ice,45,55,45,65,45,75,330,2,False,False,mountain,45
226,Mantine,Water,85,40,70,80,140,70,485,2,False,False,sea,25
227,Skarmory,Steel,65,80,140,40,70,70,465,2,False,False,rough-terrain,25
228,Houndour,Dark,45,60,30,80,50,65,330,2,False,False,rough-terrain,120
229,Houndoom,Dark,75,90,50,110,80,95,500,2,False,False,rough-terrain,45
230,Kingdra,Water,75,95,95,95,95,85,540,2,False,False,sea,45
231,Phanpy,Ground,90,60,60,40,40,40,330,2,False,False,rough-terrain,120
232,Donphan,Ground,90,120,120,60,60,50,500,2,False,False,rough-terrain,60
233,Porygon2,Normal,85,80,90,105,95,60,515,2,False,False,urban,45
234,Stantler,Normal,73,95,62,85,65,85,465,2,False,False,forest,45
235,Smeargle,Normal,55,20,35,20,45,75,250,2,False,False,urban,45
236,Tyrogue,Fighting,35,35,35,35,35,35,210,2,False,False,urban,75
237,Hitmontop,Fighting,50,95,95,35,110,70,455,2,False,False,urban,45
238,Smoochum,Ice,45,30,15,85,65,65,305,2,False,False,urban,45
239,Elekid,Electric,45,63,37,65,55,95,360,2,False,False,grassland,45
240,Magby,Fire,45,75,37,70,55,83,365,2,False,False,mountain,45
241,Miltank,Normal,95,80,105,40,70,100,490,2,False,False,grassland,45
242,Blissey,Normal,255,10,10,75,135,55,540,2,False,False,urban,30
716,Xerneas,Fairy,126,131,95,131,98,99,680,6,True,False,,45
717,Yveltal,Dark,126,131,95,131,98,99,680,6,True,False,,45
789,Cosmog,Psychic,43,29,31,29,31,37,200,7,True,False,,45
246,Larvitar,Rock,50,64,50,45,50,41,300,2,False,False,mountain,45
247,Pupitar,Rock,70,84,70,65,70,51,410,2,False,False,mountain,45
248,Tyranitar,Rock,100,134,110,95,100,61,600,2,False,False,mountain,45
790,Cosmoem,Psychic,43,29,131,29,131,37,400,7,True,False,,45
791,Solgaleo,Psychic,137,137,107,113,89,97,680,7,True,False,,45
251,Celebi,Psychic,100,100,100,100,100,100,600,2,False,True,forest,45
252,Treecko,Grass,40,45,35,65,55,70,310,3,False,False,forest,45
253,Grovyle,Grass,50,65,45,85,65,95,405,3,False,False,forest,45
254,Sceptile,Grass,70,85,65,105,85,120,530,3,False,False,forest,45
255,Torchic,Fire,45,60,40,70,50,45,310,3,False,False,grassland,45
256,Combusken,Fire,60,85,60,85,60,55,405,3,False,False,grassland,45
257,Blaziken,Fire,80,120,70,110,70,80,530,3,False,False,grassland,45
258,Mudkip,Water,50,70,50,50,50,40,310,3,False,False,waters-edge,45
259,Marshtomp,Water,70,85,70,60,70,50,405,3,False,False,waters-edge,45
260,Swampert,Water,100,110,90,85,90,60,535,3,False,False,waters-edge,45
261,Poochyena,Dark,35,55,35,30,30,35,220,3,False,False,grassland,255
262,Mightyena,Dark,70,90,70,60,60,70,420,3,False,False,grassland,127
263,Zigzagoon,Normal,38,30,41,30,41,60,240,3,False,False,grassland,255
264,Linoone,Normal,78,70,61,50,61,100,420,3,False,False,grassland,90
265,Wurmple,Bug,45,45,35,20,30,20,195,3,False,False,forest,255
266,Silcoon,Bug,50,35,55,25,25,15,205,3,False,False,forest,120
267,Beautifly,Bug,60,70,50,100,50,65,395,3,False,False,forest,45
268,Cascoon,Bug,50,35,55,25,25,15,205,3,False,False,forest,120
269,Dustox,Bug,60,50,70,50,90,65,385,3,False,False,forest,45
270,Lotad,Water,40,30,30,40,50,30,220,3,False,False,waters-edge,255
271,Lombre,Water,60,50,50,60,70,50,340,3,False,False,waters-edge,120
272,Ludicolo,Water,80,70,70,90,100,70,480,3,False,False,waters-edge,45
273,Seedot,Grass,40,40,50,30,30,30,220,3,False,False,forest,255
274,Nuzleaf,Grass,70,70,40,60,40,60,340,3,False,False,forest,120
275,Shiftry,Grass,90,100,60,90,60,80,480,3,False,False,forest,45
276,Taillow,Normal,40,55,30,30,30,85,270,3,False,False,grassland,200
277,Swellow,Normal,60,85,60,75,50,125,455,3,False,False,grassland,45
278,Wingull,Water,40,30,30,55,30,85,270,3,False,False,sea,190
279,Pelipper,Water,60,50,100,95,70,65,440,3,False,False,sea,45
280,Ralts,Psychic,28,25,25,45,35,40,198,3,False,False,urban,235
281,Kirlia,Psychic,38,35,35,65,55,50,278,3,False,False,urban,120
282,Gardevoir,Psychic,68,65,65,125,115,80,518,3,False,False,urban,45
283,Surskit,Bug,40,30,32,50,52,65,269,3,False,False,waters-edge,200
284,Masquerain,Bug,70,60,62,100,82,80,454,3,False,False,waters-edge,75
285,Shroomish,Grass,60,40,60,40,60,35,295,3,False,False,forest,255
286,Breloom,Grass,60,130,80,60,60,70,460,3,False,False,forest,90
287,Slakoth,Normal,60,60,60,35,35,30,280,3,False,False,forest,255
288,Vigoroth,Normal,80,80,80,55,55,90,440,3,False,False,forest,120
289,Slaking,Normal,150,160,100,95,65,100,670,3,False,False,forest,45
290,Nincada,Bug,31,45,90,30,30,40,266,3,False,False,forest,255
291,Ninjask,Bug,61,90,45,50,50,160,456,3,False,False,forest,120
292,Shedinja,Bug,1,90,45,30,30,40,236,3,False,False,forest,45
293,Whismur,Normal,64,51,23,51,23,28,240,3,False,False,cave,190
294,Loudred,Normal,84,71,43,71,43,48,360,3,False,False,cave,120
295,Exploud,Normal,104,91,63,91,73,68,490,3,False,False,cave,45
296,Makuhita,Fighting,72,60,30,20,30,25,237,3,False,False,mountain,180
297,Hariyama,Fighting,144,120,60,40,60,50,474,3,False,False,mountain,200
298,Azurill,Normal,50,20,40,20,40,20,190,3,False,False,waters-edge,150
299,Nosepass,Rock,30,45,135,45,90,30,375,3,False,False,cave,255
300,Skitty,Normal,50,45,45,35,35,50,260,3,False,False,forest,255
301,Delcatty,Normal,70,65,65,55,55,90,400,3,False,False,forest,60
302,Sableye,Dark,50,75,75,65,65,50,380,3,False,False,cave,45
303,Mawile,Steel,50,85,85,55,55,50,380,3,False,False,cave,45
304,Aron,Steel,50,70,100,40,40,30,330,3,False,False,mountain,180
305,Lairon,Steel,60,90,140,50,50,40,430,3,False,False,mountain,90
306,Aggron,Steel,70,110,180,60,60,50,530,3,False,False,mountain,45
307,Meditite,Fighting,30,40,55,40,55,60,280,3,False,False,mountain,180
308,Medicham,Fighting,60,60,75,60,75,80,410,3,False,False,mountain,90
309,Electrike,Electric,40,45,40,65,40,65,295,3,False,False,grassland,120
310,Manectric,Electric,70,75,60,105,60,105,475,3,False,False,grassland,45
311,Plusle,Electric,60,50,40,85,75,95,405,3,False,False,grassland,200
312,Minun,Electric,60,40,50,75,85,95,405,3,False,False,grassland,200
313,Volbeat,Bug,65,73,75,47,85,85,430,3,False,False,forest,150
314,Illumise,Bug,65,47,75,73,85,85,430,3,False,False,forest,150
315,Roselia,Grass,50,60,45,100,80,65,400,3,False,False,grassland,150
316,Gulpin,Poison,70,43,53,43,53,40,302,3,False,False,grassland,225
317,Swalot,Poison,100,73,83,73,83,55,467,3,False,False,grassland,75
318,Carvanha,Water,45,90,20,65,20,65,305,3,False,False,sea,225
319,Sharpedo,Water,70,120,40,95,40,95,460,3,False,False,sea,60
320,Wailmer,Water,130,70,35,70,35,60,400,3,False,False,sea,125
321,Wailord,Water,170,90,45,90,45,60,500,3,False,False,sea,60
322,Numel,Fire,60,60,40,65,45,35,305,3,False,False,mountain,255
323,Camerupt,Fire,70,100,70,105,75,40,460,3,False,False,mountain,150
324,Torkoal,Fire,70,85,140,85,70,20,470,3,False,False,mountain,90
325,Spoink,Psychic,60,25,35,70,80,60,330,3,False,False,mountain,255
326,Grumpig,Psychic,80,45,65,90,110,80,470,3,False,False,mountain,60
327,Spinda,Normal,60,60,60,60,60,60,360,3,False,False,mountain,255
328,Trapinch,Ground,45,100,45,45,45,10,290,3,False,False,rough-terrain,255
329,Vibrava,Ground,50,70,50,50,50,70,340,3,False,False,rough-terrain,120
330,Flygon,Ground,80,100,80,80,80,100,520,3,False,False,rough-terrain,45
331,Cacnea,Grass,50,85,40,85,40,35,335,3,False,False,rough-terrain,190
332,Cacturne,Grass,70,115,60,115,60,55,475,3,False,False,rough-terrain,60
333,Swablu,Normal,45,40,60,40,75,50,310,3,False,False,forest,255
334,Altaria,Dragon,75,70,90,70,105,80,490,3,False,False,forest,45
335,Zangoose,Normal,73,115,60,60,60,90,458,3,False,False,grassland,90
336,Seviper,Poison,73,100,60,100,60,65,458,3,False,False,grassland,90
337,Lunatone,Rock,90,55,65,95,85,70,460,3,False,False,cave,45
338,Solrock,Rock,90,95,85,55,65,70,460,3,False,False,cave,45
339,Barboach,Water,50,48,43,46,41,60,288,3,False,False,waters-edge,190
340,Whiscash,Water,110,78,73,76,71,60,468,3,False,False,waters-edge,75
341,Corphish,Water,43,80,65,50,35,35,308,3,False,False,waters-edge,205
342,Crawdaunt,Water,63,120,85,90,55,55,468,3,False,False,waters-edge,155
343,Baltoy,Ground,40,40,55,40,70,55,300,3,False,False,rough-terrain,255
344,Claydol,Ground,60,70,105,70,120,75,500,3,False,False,rough-terrain,90
345,Lileep,Rock,66,41,77,61,87,23,355,3,False,False,sea,45
346,Cradily,Rock,86,81,97,81,107,43,495,3,False,False,sea,45
347,Anorith,Rock,45,95,50,40,50,75,355,3,False,False,waters-edge,45
348,Armaldo,Rock,75,125,100,70,80,45,495,3,False,False,waters-edge,45
349,Feebas,Water,20,15,20,10,55,80,200,3,False,False,waters-edge,255
350,Milotic,Water,95,60,79,100,125,81,540,3,False,False,waters-edge,60
351,Castform,Normal,70,70,70,70,70,70,420,3,False,False,grassland,45
352,Kecleon,Normal,60,90,70,60,120,40,440,3,False,False,forest,200
353,Shuppet,Ghost,44,75,35,63,33,45,295,3,False,False,urban,225
354,Banette,Ghost,64,115,65,83,63,65,455,3,False,False,urban,45
355,Duskull,Ghost,20,40,90,30,90,25,295,3,False,False,forest,190
356,Dusclops,Ghost,40,70,130,60,130,25,455,3,False,False,forest,90
357,Tropius,Grass,99,68,83,72,87,51,460,3,False,False,forest,200
358,Chimecho,Psychic,75,50,80,95,90,65,455,3,False,False,grassland,45
359,Absol,Dark,65,130,60,75,60,75,465,3,False,False,mountain,30
360,Wynaut,Psychic,95,23,48,23,48,23,260,3,False,False,cave,125
361,Snorunt,Ice,50,50,50,50,50,50,300,3,False,False,cave,190
362,Glalie,Ice,80,80,80,80,80,80,480,3,False,False,cave,75
363,Spheal,Ice,70,40,50,55,50,25,290,3,False,False,sea,255
364,Sealeo,Ice,90,60,70,75,70,45,410,3,False,False,sea,120
365,Walrein,Ice,110,80,90,95,90,65,530,3,False,False,sea,45
366,Clamperl,Water,35,64,85,74,55,32,345,3,False,False,sea,255
367,Huntail,Water,55,104,105,94,75,52,485,3,False,False,sea,60
368,Gorebyss,Water,55,84,105,114,75,52,485,3,False,False,sea,60
369,Relicanth,Water,100,90,130,45,65,55,485,3,False,False,sea,25
370,Luvdisc,Water,43,30,55,40,65,97,330,3,False,False,sea,225
371,Bagon,Dragon,45,75,60,40,30,50,300,3,False,False,rough-terrain,45
372,Shelgon,Dragon,65,95,100,60,50,50,420,3,False,False,rough-terrain,45
373,Salamence,Dragon,95,135,80,110,80,100,600,3,False,False,rough-terrain,45
374,Beldum,Steel,40,55,80,35,60,30,300,3,False,False,rough-terrain,3
375,Metang,Steel,60,75,100,55,80,50,420,3,False,False,rough-terrain,3
376,Metagross,Steel,80,135,130,95,90,70,600,3,False,False,rough-terrain,3
792,Lunala,Psychic,137,113,89,137,107,97,680,7,True,False,,45
888,Zacian,Fairy,92,120,115,80,115,138,660,8,True,False,,10
889,Zamazenta,Fighting,92,120,115,80,115,138,660,8,True,False,,10
1001,Wo-Chien,Dark,85,85,100,95,135,70,570,9,True,False,,6
1002,Chien-Pao,Dark,80,120,80,90,65,135,570,9,True,False,,6
1003,Ting-Lu,Dark,155,110,125,55,80,45,570,9,True,False,,6
1004,Chi-Yu,Dark,55,80,80,135,120,100,570,9,True,False,,6
1017,Ogerpon,Grass,80,120,84,60,96,110,550,9,True,False,,5
385,Jirachi,Steel,100,100,100,100,100,100,600,3,False,True,mountain,3
386,Deoxys-Normal,Psychic,50,150,50,150,50,150,600,3,False,True,rare,3
387,Turtwig,Grass,55,68,64,45,55,31,318,4,False,False,,45
388,Grotle,Grass,75,89,85,55,65,36,405,4,False,False,,45
389,Torterra,Grass,95,109,105,75,85,56,525,4,False,False,,45
390,Chimchar,Fire,44,58,44,58,44,61,309,4,False,False,,45
391,Monferno,Fire,64,78,52,78,52,81,405,4,False,False,,45
392,Infernape,Fire,76,104,71,104,71,108,534,4,False,False,,45
393,Piplup,Water,53,51,53,61,56,40,314,4,False,False,,45
394,Prinplup,Water,64,66,68,81,76,50,405,4,False,False,,45
395,Empoleon,Water,84,86,88,111,101,60,530,4,False,False,,45
396,Starly,Normal,40,55,30,30,30,60,245,4,False,False,,255
397,Staravia,Normal,55,75,50,40,40,80,340,4,False,False,,120
398,Staraptor,Normal,85,120,70,50,60,100,485,4,False,False,,45
399,Bidoof,Normal,59,45,40,35,40,31,250,4,False,False,,255
400,Bibarel,Normal,79,85,60,55,60,71,410,4,False,False,,127
401,Kricketot,Bug,37,25,41,25,41,25,194,4,False,False,,255
402,Kricketune,Bug,77,85,51,55,51,65,384,4,False,False,,45
403,Shinx,Electric,45,65,34,40,34,45,263,4,False,False,,235
404,Luxio,Electric,60,85,49,60,49,60,363,4,False,False,,120
405,Luxray,Electric,80,120,79,95,79,70,523,4,False,False,,45
406,Budew,Grass,40,30,35,50,70,55,280,4,False,False,,255
407,Roserade,Grass,60,70,65,125,105,90,515,4,False,False,,75
408,Cranidos,Rock,67,125,40,30,30,58,350,4,False,False,,45
409,Rampardos,Rock,97,165,60,65,50,58,495,4,False,False,,45
410,Shieldon,Rock,30,42,118,42,88,30,350,4,False,False,,45
411,Bastiodon,Rock,60,52,168,47,138,30,495,4,False,False,,45
412,Burmy,Bug,40,29,45,29,45,36,224,4,False,False,,120
413,Wormadam-Plant,Bug,60,59,85,79,105,36,424,4,False,False,,45
414,Mothim,Bug,70,94,50,94,50,66,424,4,False,False,,45
415,Combee,Bug,30,30,42,30,42,70,244,4,False,False,,120
416,Vespiquen,Bug,70,80,102,80,102,40,474,4,False,False,,45
417,Pachirisu,Electric,60,45,70,45,90,95,405,4,False,False,,200
418,Buizel,Water,55,65,35,60,30,85,330,4,False,False,,190
419,Floatzel,Water,85,105,55,85,50,115,495,4,False,False,,75
420,Cherubi,Grass,45,35,45,62,53,35,275,4,False,False,,190
421,Cherrim,Grass,70,60,70,87,78,85,450,4,False,False,,75
422,Shellos,Water,76,48,48,57,62,34,325,4,False,False,,190
423,Gastrodon,Water,111,83,68,92,82,39,475,4,False,False,,75
424,Ambipom,Normal,75,100,66,60,66,115,482,4,False,False,,45
425,Drifloon,Ghost,90,50,34,60,44,70,348,4,False,False,,125
426,Drifblim,Ghost,150,80,44,90,54,80,498,4,False,False,,60
427,Buneary,Normal,55,66,44,44,56,85,350,4,False,False,,190
428,Lopunny,Normal,65,76,84,54,96,105,480,4,False,False,,60
429,Mismagius,Ghost,60,60,60,105,105,105,495,4,False,False,,45
430,Honchkrow,Dark,100,125,52,105,52,71,505,4,False,False,,30
431,Glameow,Normal,49,55,42,42,37,85,310,4,False,False,,190
432,Purugly,Normal,71,82,64,64,59,112,452,4,False,False,,75
433,Chingling,Psychic,45,30,50,65,50,45,285,4,False,False,,120
434,Stunky,Poison,63,63,47,41,41,74,329,4,False,False,,225
435,Skuntank,Poison,103,93,67,71,61,84,479,4,False,False,,60
436,Bronzor,Steel,57,24,86,24,86,23,300,4,False,False,,255
437,Bronzong,Steel,67,89,116,79,116,33,500,4,False,False,,90
438,Bonsly,Rock,50,80,95,10,45,10,290,4,False,False,,255
439,Mime-Jr,Psychic,20,25,45,70,90,60,310,4,False,False,,145
440,Happiny,Normal,100,5,5,15,65,30,220,4,False,False,,130
441,Chatot,Normal,76,65,45,92,42,91,411,4,False,False,,30
442,Spiritomb,Ghost,50,92,108,92,108,35,485,4,False,False,,100
443,Gible,Dragon,58,70,45,40,45,42,300,4,False,False,,45
444,Gabite,Dragon,68,90,65,50,55,82,410,4,False,False,,45
445,Garchomp,Dragon,108,130,95,80,85,102,600,4,False,False,,45
446,Munchlax,Normal,135,85,40,40,85,5,390,4,False,False,,50
447,Riolu,Fighting,40,70,40,35,40,60,285,4,False,False,,75
448,Lucario,Fighting,70,110,70,115,70,90,525,4,False,False,,45
449,Hippopotas,Ground,68,72,78,38,42,32,330,4,False,False,,140
450,Hippowdon,Ground,108,112,118,68,72,47,525,4,False,False,,60
451,Skorupi,Poison,40,50,90,30,55,65,330,4,False,False,,120
452,Drapion,Poison,70,90,110,60,75,95,500,4,False,False,,45
453,Croagunk,Poison,48,61,40,61,40,50,300,4,False,False,,140
454,Toxicroak,Poison,83,106,65,86,65,85,490,4,False,False,,75
455,Carnivine,Grass,74,100,72,90,72,46,454,4,False,False,,200
456,Finneon,Water,49,49,56,49,61,66,330,4,False,False,,190
457,Lumineon,Water,69,69,76,69,86,91,460,4,False,False,,75
458,Mantyke,Water,45,20,50,60,120,50,345,4,False,False,,25
459,Snover,Grass,60,62,50,62,60,40,334,4,False,False,,120
460,Abomasnow,Grass,90,92,75,92,85,60,494,4,False,False,,60
461,Weavile,Dark,70,120,65,45,85,125,510,4,False,False,,45
462,Magnezone,Electric,70,70,115,130,90,60,535,4,False,False,,30
463,Lickilicky,Normal,110,85,95,80,95,50,515,4,False,False,,30
464,Rhyperior,Ground,115,140,130,55,55,40,535,4,False,False,,30
465,Tangrowth,Grass,100,100,125,110,50,50,535,4,False,False,,30
466,Electivire,Electric,75,123,67,95,85,95,540,4,False,False,,30
467,Magmortar,Fire,75,95,67,125,95,83,540,4,False,False,,30
468,Togekiss,Fairy,85,50,95,120,115,80,545,4,False,False,,30
469,Yanmega,Bug,86,76,86,116,56,95,515,4,False,False,,30
470,Leafeon,Grass,65,110,130,60,65,95,525,4,False,False,,45
471,Glaceon,Ice,65,60,110,130,95,65,525,4,False,False,,45
472,Gliscor,Ground,75,95,125,45,75,95,510,4,False,False,,30
473,Mamoswine,Ice,110,130,80,70,60,80,530,4,False,False,,50
474,Porygon-Z,Normal,85,80,70,135,75,90,535,4,False,False,,30
475,Gallade,Psychic,68,125,65,65,115,80,518,4,False,False,,45
476,Probopass,Rock,60,55,145,75,150,40,525,4,False,False,,60
477,Dusknoir,Ghost,45,100,135,65,135,45,525,4,False,False,,45
478,Froslass,Ice,70,80,70,80,70,110,480,4,False,False,,75
479,Rotom,Electric,50,50,77,95,77,91,440,4,False,False,,45
144,Articuno,Ice,90,85,100,95,125,85,580,1,True,False,rare,3
145,Zapdos,Electric,90,90,85,125,90,100,580,1,True,False,rare,3
146,Moltres,Fire,90,100,90,125,85,90,580,1,True,False,rare,3
150,Mewtwo,Psychic,106,110,90,154,90,130,680,1,True,False,rare,3
243,Raikou,Electric,90,85,75,115,100,115,580,2,True,False,grassland,3
244,Entei,Fire,115,115,85,90,75,100,580,2,True,False,grassland,3
245,Suicune,Water,100,75,115,90,115,85,580,2,True,False,grassland,3
249,Lugia,Psychic,106,90,130,90,154,110,680,2,True,False,rare,3
250,Ho-Oh,Fire,106,130,90,110,154,90,680,2,True,False,rare,3
489,Phione,Water,80,80,80,80,80,80,480,4,False,True,,30
490,Manaphy,Water,100,100,100,100,100,100,600,4,False,True,,3
491,Darkrai,Dark,70,90,90,135,90,125,600,4,False,True,,3
492,Shaymin-Land,Grass,100,100,100,100,100,100,600,4,False,True,,45
493,Arceus,Normal,120,120,120,120,120,120,720,4,False,True,,3
494,Victini,Psychic,100,100,100,100,100,100,600,5,False,True,,3
495,Snivy,Grass,45,45,55,45,55,63,308,5,False,False,,45
496,Servine,Grass,60,60,75,60,75,83,413,5,False,False,,45
497,Serperior,Grass,75,75,95,75,95,113,528,5,False,False,,45
498,Tepig,Fire,65,63,45,45,45,45,308,5,False,False,,45
499,Pignite,Fire,90,93,55,70,55,55,418,5,False,False,,45
500,Emboar,Fire,110,123,65,100,65,65,528,5,False,False,,45
501,Oshawott,Water,55,55,45,63,45,45,308,5,False,False,,45
502,Dewott,Water,75,75,60,83,60,60,413,5,False,False,,45
503,Samurott,Water,95,100,85,108,70,70,528,5,False,False,,45
504,Patrat,Normal,45,55,39,35,39,42,255,5,False,False,,255
505,Watchog,Normal,60,85,69,60,69,77,420,5,False,False,,255
506,Lillipup,Normal,45,60,45,25,45,55,275,5,False,False,,255
507,Herdier,Normal,65,80,65,35,65,60,370,5,False,False,,120
508,Stoutland,Normal,85,110,90,45,90,80,500,5,False,False,,45
509,Purrloin,Dark,41,50,37,50,37,66,281,5,False,False,,255
510,Liepard,Dark,64,88,50,88,50,106,446,5,False,False,,90
511,Pansage,Grass,50,53,48,53,48,64,316,5,False,False,,190
512,Simisage,Grass,75,98,63,98,63,101,498,5,False,False,,75
513,Pansear,Fire,50,53,48,53,48,64,316,5,False,False,,190
514,Simisear,Fire,75,98,63,98,63,101,498,5,False,False,,75
515,Panpour,Water,50,53,48,53,48,64,316,5,False,False,,190
516,Simipour,Water,75,98,63,98,63,101,498,5,False,False,,75
517,Munna,Psychic,76,25,45,67,55,24,292,5,False,False,,190
518,Musharna,Psychic,116,55,85,107,95,29,487,5,False,False,,75
519,Pidove,Normal,50,55,50,36,30,43,264,5,False,False,,255
520,Tranquill,Normal,62,77,62,50,42,65,358,5,False,False,,120
521,Unfezant,Normal,80,115,80,65,55,93,488,5,False,False,,45
522,Blitzle,Electric,45,60,32,50,32,76,295,5,False,False,,190
523,Zebstrika,Electric,75,100,63,80,63,116,497,5,False,False,,75
524,Roggenrola,Rock,55,75,85,25,25,15,280,5,False,False,,255
525,Boldore,Rock,70,105,105,50,40,20,390,5,False,False,,120
526,Gigalith,Rock,85,135,130,60,80,25,515,5,False,False,,45
527,Woobat,Psychic,65,45,43,55,43,72,323,5,False,False,,190
528,Swoobat,Psychic,67,57,55,77,55,114,425,5,False,False,,45
529,Drilbur,Ground,60,85,40,30,45,68,328,5,False,False,,120
530,Excadrill,Ground,110,135,60,50,65,88,508,5,False,False,,60
531,Audino,Normal,103,60,86,60,86,50,445,5,False,False,,255
532,Timburr,Fighting,75,80,55,25,35,35,305,5,False,False,,180
533,Gurdurr,Fighting,85,105,85,40,50,40,405,5,False,False,,90
534,Conkeldurr,Fighting,105,140,95,55,65,45,505,5,False,False,,45
535,Tympole,Water,50,50,40,50,40,64,294,5,False,False,,255
536,Palpitoad,Water,75,65,55,65,55,69,384,5,False,False,,120
537,Seismitoad,Water,105,95,75,85,75,74,509,5,False,False,,45
538,Throh,Fighting,120,100,85,30,85,45,465,5,False,False,,45
539,Sawk,Fighting,75,125,75,30,75,85,465,5,False,False,,45
540,Sewaddle,Bug,45,53,70,40,60,42,310,5,False,False,,255
541,Swadloon,Bug,55,63,90,50,80,42,380,5,False,False,,120
542,Leavanny,Bug,75,103,80,70,80,92,500,5,False,False,,45
543,Venipede,Bug,30,45,59,30,39,57,260,5,False,False,,255
544,Whirlipede,Bug,40,55,99,40,79,47,360,5,False,False,,120
545,Scolipede,Bug,60,100,89,55,69,112,485,5,False,False,,45
546,Cottonee,Grass,40,27,60,37,50,66,280,5,False,False,,190
547,Whimsicott,Grass,60,67,85,77,75,116,480,5,False,False,,75
548,Petilil,Grass,45,35,50,70,50,30,280,5,False,False,,190
549,Lilligant,Grass,70,60,75,110,75,90,480,5,False,False,,75
550,Basculin-Red-Striped,Water,70,92,65,80,55,98,460,5,False,False,,25
551,Sandile,Ground,50,72,35,35,35,65,292,5,False,False,,180
552,Krokorok,Ground,60,82,45,45,45,74,351,5,False,False,,90
553,Krookodile,Ground,95,117,80,65,70,92,519,5,False,False,,45
554,Darumaka,Fire,70,90,45,15,45,50,315,5,False,False,,120
555,Darmanitan-Standard,Fire,105,140,55,30,55,95,480,5,False,False,,60
556,Maractus,Grass,75,86,67,106,67,60,461,5,False,False,,255
557,Dwebble,Bug,50,65,85,35,35,55,325,5,False,False,,190
558,Crustle,Bug,70,105,125,65,75,45,485,5,False,False,,75
559,Scraggy,Dark,50,75,70,35,70,48,348,5,False,False,,180
560,Scrafty,Dark,65,90,115,45,115,58,488,5,False,False,,90
561,Sigilyph,Psychic,72,58,80,103,80,97,490,5,False,False,,45
562,Yamask,Ghost,38,30,85,55,65,30,303,5,False,False,,190
563,Cofagrigus,Ghost,58,50,145,95,105,30,483,5,False,False,,90
564,Tirtouga,Water,54,78,103,53,45,22,355,5,False,False,,45
565,Carracosta,Water,74,108,133,83,65,32,495,5,False,False,,45
566,Archen,Rock,55,112,45,74,45,70,401,5,False,False,,45
567,Archeops,Rock,75,140,65,112,65,110,567,5,False,False,,45
568,Trubbish,Poison,50,50,62,40,62,65,329,5,False,False,,190
569,Garbodor,Poison,80,95,82,60,82,75,474,5,False,False,,60
570,Zorua,Dark,40,65,40,80,40,65,330,5,False,False,,75
571,Zoroark,Dark,60,105,60,120,60,105,510,5,False,False,,45
572,Minccino,Normal,55,50,40,40,40,75,300,5,False,False,,255
573,Cinccino,Normal,75,95,60,65,60,115,470,5,False,False,,60
574,Gothita,Psychic,45,30,50,55,65,45,290,5,False,False,,200
575,Gothorita,Psychic,60,45,70,75,85,55,390,5,False,False,,100
576,Gothitelle,Psychic,70,55,95,95,110,65,490,5,False,False,,50
577,Solosis,Psychic,45,30,40,105,50,20,290,5,False,False,,200
578,Duosion,Psychic,65,40,50,125,60,30,370,5,False,False,,100
579,Reuniclus,Psychic,110,65,75,125,85,30,490,5,False,False,,50
580,Ducklett,Water,62,44,50,44,50,55,305,5,False,False,,190
581,Swanna,Water,75,87,63,87,63,98,473,5,False,False,,45
582,Vanillite,Ice,36,50,50,65,60,44,305,5,False,False,,255
583,Vanillish,Ice,51,65,65,80,75,59,395,5,False,False,,120
584,Vanilluxe,Ice,71,95,85,110,95,79,535,5,False,False,,45
585,Deerling,Normal,60,60,50,40,50,75,335,5,False,False,,190
586,Sawsbuck,Normal,80,100,70,60,70,95,475,5,False,False,,75
587,Emolga,Electric,55,75,60,75,60,103,428,5,False,False,,200
588,Karrablast,Bug,50,75,45,40,45,60,315,5,False,False,,200
589,Escavalier,Bug,70,135,105,60,105,20,495,5,False,False,,75
590,Foongus,Grass,69,55,45,55,55,15,294,5,False,False,,190
591,Amoonguss,Grass,114,85,70,85,80,30,464,5,False,False,,75
592,Frillish-Male,Water,55,40,50,65,85,40,335,5,False,False,,190
593,Jellicent-Male,Water,100,60,70,85,105,60,480,5,False,False,,60
594,Alomomola,Water,165,75,80,40,45,65,470,5,False,False,,75
595,Joltik,Bug,50,47,50,57,50,65,319,5,False,False,,190
596,Galvantula,Bug,70,77,60,97,60,108,472,5,False,False,,75
597,Ferroseed,Grass,44,50,91,24,86,10,305,5,False,False,,255
598,Ferrothorn,Grass,74,94,131,54,116,20,489,5,False,False,,90
599,Klink,Steel,40,55,70,45,60,30,300,5,False,False,,130
600,Klang,Steel,60,80,95,70,85,50,440,5,False,False,,60
601,Klinklang,Steel,60,100,115,70,85,90,520,5,False,False,,30
602,Tynamo,Electric,35,55,40,45,40,60,275,5,False,False,,190
603,Eelektrik,Electric,65,85,70,75,70,40,405,5,False,False,,60
604,Eelektross,Electric,85,115,80,105,80,50,515,5,False,False,,30
605,Elgyem,Psychic,55,55,55,85,55,30,335,5,False,False,,255
606,Beheeyem,Psychic,75,75,75,125,95,40,485,5,False,False,,90
607,Litwick,Ghost,50,30,55,65,55,20,275,5,False,False,,190
608,Lampent,Ghost,60,40,60,95,60,55,370,5,False,False,,90
609,Chandelure,Ghost,60,55,90,145,90,80,520,5,False,False,,45
610,Axew,Dragon,46,87,60,30,40,57,320,5,False,False,,75
611,Fraxure,Dragon,66,117,70,40,50,67,410,5,False,False,,60
612,Haxorus,Dragon,76,147,90,60,70,97,540,5,False,False,,45
613,Cubchoo,Ice,55,70,40,60,40,40,305,5,False,False,,120
614,Beartic,Ice,95,130,80,70,80,50,505,5,False,False,,60
615,Cryogonal,Ice,80,50,50,95,135,105,515,5,False,False,,25
616,Shelmet,Bug,50,40,85,40,65,25,305,5,False,False,,200
617,Accelgor,Bug,80,70,40,100,60,145,495,5,False,False,,75
618,Stunfisk,Ground,109,66,84,81,99,32,471,5,False,False,,75
619,Mienfoo,Fighting,45,85,50,55,50,65,350,5,False,False,,180
620,Mienshao,Fighting,65,125,60,95,60,105,510,5,False,False,,45
621,Druddigon,Dragon,77,120,90,60,90,48,485,5,False,False,,45
622,Golett,Ground,59,74,50,35,50,35,303,5,False,False,,190
623,Golurk,Ground,89,124,80,55,80,55,483,5,False,False,,90
624,Pawniard,Dark,45,85,70,40,40,60,340,5,False,False,,120
625,Bisharp,Dark,65,125,100,60,70,70,490,5,False,False,,45
626,Bouffalant,Normal,95,110,95,40,95,55,490,5,False,False,,45
627,Rufflet,Normal,70,83,50,37,50,60,350,5,False,False,,190
628,Braviary,Normal,100,123,75,57,75,80,510,5,False,False,,60
629,Vullaby,Dark,70,55,75,45,65,60,370,5,False,False,,190
630,Mandibuzz,Dark,110,65,105,55,95,80,510,5,False,False,,60
631,Heatmor,Fire,85,97,66,105,66,65,484,5,False,False,,90
632,Durant,Bug,58,109,112,48,48,109,484,5,False,False,,90
633,Deino,Dark,52,65,50,45,50,38,300,5,False,False,,45
634,Zweilous,Dark,72,85,70,65,70,58,420,5,False,False,,45
635,Hydreigon,Dark,92,105,90,125,90,98,600,5,False,False,,45
636,Larvesta,Bug,55,85,55,50,55,60,360,5,False,False,,45
637,Volcarona,Bug,85,60,65,135,105,100,550,5,False,False,,15
377,Regirock,Rock,80,100,200,50,100,50,580,3,True,False,cave,3
378,Regice,Ice,80,50,100,100,200,50,580,3,True,False,cave,3
379,Registeel,Steel,80,75,150,75,150,50,580,3,True,False,cave,3
380,Latias,Dragon,80,80,90,110,130,110,600,3,True,False,waters-edge,3
381,Latios,Dragon,80,90,80,130,110,110,600,3,True,False,waters-edge,3
382,Kyogre,Water,100,100,90,150,140,90,670,3,True,False,sea,3
383,Groudon,Ground,100,150,140,100,90,90,670,3,True,False,rough-terrain,3
480,Uxie,Psychic,75,75,130,75,130,95,580,4,True,False,,3
481,Mesprit,Psychic,80,105,105,105,105,80,580,4,True,False,,3
647,Keldeo-Ordinary,Water,91,72,90,129,90,108,580,5,False,True,,3
648,Meloetta-Aria,Normal,100,77,77,128,128,90,600,5,False,True,,3
649,Genesect,Bug,71,120,95,120,95,99,600,5,False,True,,3
650,Chespin,Grass,56,61,65,48,45,38,313,6,False,False,,45
651,Quilladin,Grass,61,78,95,56,58,57,405,6,False,False,,45
652,Chesnaught,Grass,88,107,122,74,75,64,530,6,False,False,,45
653,Fennekin,Fire,40,45,40,62,60,60,307,6,False,False,,45
654,Braixen,Fire,59,59,58,90,70,73,409,6,False,False,,45
655,Delphox,Fire,75,69,72,114,100,104,534,6,False,False,,45
656,Froakie,Water,41,56,40,62,44,71,314,6,False,False,,45
657,Frogadier,Water,54,63,52,83,56,97,405,6,False,False,,45
658,Greninja,Water,72,95,67,103,71,122,530,6,False,False,,45
659,Bunnelby,Normal,38,36,38,32,36,57,237,6,False,False,,255
660,Diggersby,Normal,85,56,77,50,77,78,423,6,False,False,,127
661,Fletchling,Normal,45,50,43,40,38,62,278,6,False,False,,255
662,Fletchinder,Fire,62,73,55,56,52,84,382,6,False,False,,120
663,Talonflame,Fire,78,81,71,74,69,126,499,6,False,False,,45
664,Scatterbug,Bug,38,35,40,27,25,35,200,6,False,False,,255
665,Spewpa,Bug,45,22,60,27,30,29,213,6,False,False,,120
666,Vivillon,Bug,80,52,50,90,50,89,411,6,False,False,,45
667,Litleo,Fire,62,50,58,73,54,72,369,6,False,False,,220
668,Pyroar-Male,Fire,86,68,72,109,66,106,507,6,False,False,,65
669,Flabebe,Fairy,44,38,39,61,79,42,303,6,False,False,,225
670,Floette,Fairy,54,45,47,75,98,52,371,6,False,False,,120
671,Florges,Fairy,78,65,68,112,154,75,552,6,False,False,,45
672,Skiddo,Grass,66,65,48,62,57,52,350,6,False,False,,200
673,Gogoat,Grass,123,100,62,97,81,68,531,6,False,False,,45
674,Pancham,Fighting,67,82,62,46,48,43,348,6,False,False,,220
675,Pangoro,Fighting,95,124,78,69,71,58,495,6,False,False,,65
676,Furfrou,Normal,75,80,60,65,90,102,472,6,False,False,,160
677,Espurr,Psychic,62,48,54,63,60,68,355,6,False,False,,190
678,Meowstic-Male,Psychic,74,48,76,83,81,104,466,6,False,False,,75
679,Honedge,Steel,45,80,100,35,37,28,325,6,False,False,,180
680,Doublade,Steel,59,110,150,45,49,35,448,6,False,False,,90
681,Aegislash-Shield,Steel,60,50,140,50,140,60,500,6,False,False,,45
682,Spritzee,Fairy,78,52,60,63,65,23,341,6,False,False,,200
683,Aromatisse,Fairy,101,72,72,99,89,29,462,6,False,False,,140
684,Swirlix,Fairy,62,48,66,59,57,49,341,6,False,False,,200
685,Slurpuff,Fairy,82,80,86,85,75,72,480,6,False,False,,140
686,Inkay,Dark,53,54,53,37,46,45,288,6,False,False,,190
687,Malamar,Dark,86,92,88,68,75,73,482,6,False,False,,80
688,Binacle,Rock,42,52,67,39,56,50,306,6,False,False,,120
689,Barbaracle,Rock,72,105,115,54,86,68,500,6,False,False,,45
690,Skrelp,Poison,50,60,60,60,60,30,320,6,False,False,,225
691,Dragalge,Poison,65,75,90,97,123,44,494,6,False,False,,55
692,Clauncher,Water,50,53,62,58,63,44,330,6,False,False,,225
693,Clawitzer,Water,71,73,88,120,89,59,500,6,False,False,,55
694,Helioptile,Electric,44,38,33,61,43,70,289,6,False,False,,190
695,Heliolisk,Electric,62,55,52,109,94,109,481,6,False,False,,75
696,Tyrunt,Rock,58,89,77,45,45,48,362,6,False,False,,45
697,Tyrantrum,Rock,82,121,119,69,59,71,521,6,False,False,,45
698,Amaura,Rock,77,59,50,67,63,46,362,6,False,False,,45
699,Aurorus,Rock,123,77,72,99,92,58,521,6,False,False,,45
700,Sylveon,Fairy,95,65,65,110,130,60,525,6,False,False,,45
701,Hawlucha,Fighting,78,92,75,74,63,118,500,6,False,False,,100
702,Dedenne,Electric,67,58,57,81,67,101,431,6,False,False,,180
703,Carbink,Rock,50,50,150,50,150,50,500,6,False,False,,60
704,Goomy,Dragon,45,50,35,55,75,40,300,6,False,False,,45
705,Sliggoo,Dragon,68,75,53,83,113,60,452,6,False,False,,45
706,Goodra,Dragon,90,100,70,110,150,80,600,6,False,False,,45
707,Klefki,Steel,57,80,91,80,87,75,470,6,False,False,,75
708,Phantump,Ghost,43,70,48,50,60,38,309,6,False,False,,120
709,Trevenant,Ghost,85,110,76,65,82,56,474,6,False,False,,60
710,Pumpkaboo-Average,Ghost,49,66,70,44,55,51,335,6,False,False,,120
711,Gourgeist-Average,Ghost,65,90,122,58,75,84,494,6,False,False,,60
712,Bergmite,Ice,55,69,85,32,35,28,304,6,False,False,,190
713,Avalugg,Ice,95,117,184,44,46,28,514,6,False,False,,55
714,Noibat,Flying,40,30,35,45,40,55,245,6,False,False,,190
715,Noivern,Flying,85,70,80,97,80,123,535,6,False,False,,45
482,Azelf,Psychic,75,125,70,125,70,115,580,4,True,False,,3
483,Dialga,Steel,100,120,120,150,100,90,680,4,True,False,,3
484,Palkia,Water,90,120,100,150,120,100,680,4,True,False,,3
719,Diancie,Rock,50,100,150,100,150,50,600,6,False,True,,3
720,Hoopa,Psychic,80,110,60,150,130,70,600,6,False,True,,3
721,Volcanion,Fire,80,110,120,130,90,70,600,6,False,True,,3
722,Rowlet,Grass,68,55,55,50,50,42,320,7,False,False,,45
723,Dartrix,Grass,78,75,75,70,70,52,420,7,False,False,,45
724,Decidueye,Grass,78,107,75,100,100,70,530,7,False,False,,45
725,Litten,Fire,45,65,40,60,40,70,320,7,False,False,,45
726,Torracat,Fire,65,85,50,80,50,90,420,7,False,False,,45
727,Incineroar,Fire,95,115,90,80,90,60,530,7,False,False,,45
728,Popplio,Water,50,54,54,66,56,40,320,7,False,False,,45
729,Brionne,Water,60,69,69,91,81,50,420,7,False,False,,45
730,Primarina,Water,80,74,74,126,116,60,530,7,False,False,,45
731,Pikipek,Normal,35,75,30,30,30,65,265,7,False,False,,255
732,Trumbeak,Normal,55,85,50,40,50,75,355,7,False,False,,120
733,Toucannon,Normal,80,120,75,75,75,60,485,7,False,False,,45
734,Yungoos,Normal,48,70,30,30,30,45,253,7,False,False,,255
735,Gumshoos,Normal,88,110,60,55,60,45,418,7,False,False,,127
736,Grubbin,Bug,47,62,45,55,45,46,300,7,False,False,,255
737,Charjabug,Bug,57,82,95,55,75,36,400,7,False,False,,120
738,Vikavolt,Bug,77,70,90,145,75,43,500,7,False,False,,45
739,Crabrawler,Fighting,47,82,57,42,47,63,338,7,False,False,,225
740,Crabominable,Fighting,97,132,77,62,67,43,478,7,False,False,,60
741,Oricorio-Baile,Fire,75,70,70,98,70,93,476,7,False,False,,45
742,Cutiefly,Bug,40,45,40,55,40,84,304,7,False,False,,190
743,Ribombee,Bug,60,55,60,95,70,124,464,7,False,False,,75
744,Rockruff,Rock,45,65,40,30,40,60,280,7,False,False,,190
745,Lycanroc-Midday,Rock,75,115,65,55,65,112,487,7,False,False,,90
746,Wishiwashi-Solo,Water,45,20,20,25,25,40,175,7,False,False,,60
747,Mareanie,Poison,50,53,62,43,52,45,305,7,False,False,,190
748,Toxapex,Poison,50,63,152,53,142,35,495,7,False,False,,75
749,Mudbray,Ground,70,100,70,45,55,45,385,7,False,False,,190
750,Mudsdale,Ground,100,125,100,55,85,35,500,7,False,False,,60
751,Dewpider,Water,38,40,52,40,72,27,269,7,False,False,,200
752,Araquanid,Water,68,70,92,50,132,42,454,7,False,False,,100
753,Fomantis,Grass,40,55,35,50,35,35,250,7,False,False,,190
754,Lurantis,Grass,70,105,90,80,90,45,480,7,False,False,,75
755,Morelull,Grass,40,35,55,65,75,15,285,7,False,False,,190
756,Shiinotic,Grass,60,45,80,90,100,30,405,7,False,False,,75
757,Salandit,Poison,48,44,40,71,40,77,320,7,False,False,,120
758,Salazzle,Poison,68,64,60,111,60,117,480,7,False,False,,45
759,Stufful,Normal,70,75,50,45,50,50,340,7,False,False,,140
760,Bewear,Normal,120,125,80,55,60,60,500,7,False,False,,70
761,Bounsweet,Grass,42,30,38,30,38,32,210,7,False,False,,235
762,Steenee,Grass,52,40,48,40,48,62,290,7,False,False,,120
763,Tsareena,Grass,72,120,98,50,98,72,510,7,False,False,,45
764,Comfey,Fairy,51,52,90,82,110,100,485,7,False,False,,60
765,Oranguru,Normal,90,60,80,90,110,60,490,7,False,False,,45
766,Passimian,Fighting,100,120,90,40,60,80,490,7,False,False,,45
767,Wimpod,Bug,25,35,40,20,30,80,230,7,False,False,,90
768,Golisopod,Bug,75,125,140,60,90,40,530,7,False,False,,45
769,Sandygast,Ghost,55,55,80,70,45,15,320,7,False,False,,140
770,Palossand,Ghost,85,75,110,100,75,35,480,7,False,False,,60
771,Pyukumuku,Water,55,60,130,30,130,5,410,7,False,False,,60
485,Heatran,Fire,91,90,106,130,106,77,600,4,True,False,,3
486,Regigigas,Normal,110,160,110,80,110,100,670,4,True,False,,3
774,Minior-Red-Meteor,Rock,60,60,100,60,100,60,440,7,False,False,,30
775,Komala,Normal,65,115,65,75,95,65,480,7,False,False,,45
776,Turtonator,Fire,60,78,135,91,85,36,485,7,False,False,,70
777,Togedemaru,Electric,65,98,63,40,73,96,435,7,False,False,,180
778,Mimikyu-Disguised,Ghost,55,90,80,50,105,96,476,7,False,False,,45
779,Bruxish,Water,68,105,70,70,70,92,475,7,False,False,,80
780,Drampa,Normal,78,60,85,135,91,36,485,7,False,False,,70
781,Dhelmise,Ghost,70,131,100,86,90,40,517,7,False,False,,25
782,Jangmo-O,Dragon,45,55,65,45,45,45,300,7,False,False,,45
783,Hakamo-O,Dragon,55,75,90,65,70,65,420,7,False,False,,45
784,Kommo-O,Dragon,75,110,125,100,105,85,600,7,False,False,,45
487,Giratina-Altered,Ghost,150,100,120,100,120,90,680,4,True,False,,3
488,Cresselia,Psychic,120,70,110,75,120,85,580,4,True,False,,3
638,Cobalion,Steel,91,90,129,90,72,108,580,5,True,False,,3
639,Terrakion,Rock,91,129,90,72,90,108,580,5,True,False,,3
640,Virizion,Grass,91,90,72,90,129,108,580,5,True,False,,3
641,Tornadus-Incarnate,Flying,79,115,70,125,80,111,580,5,True,False,,3
642,Thundurus-Incarnate,Electric,79,115,70,125,80,111,580,5,True,False,,3
643,Reshiram,Dragon,100,120,100,150,120,90,680,5,True,False,,3
793,Nihilego,Rock,109,53,47,127,131,103,570,7,False,False,,45
794,Buzzwole,Bug,107,139,139,53,53,79,570,7,False,False,,45
795,Pheromosa,Bug,71,137,37,137,37,151,570,7,False,False,,45
796,Xurkitree,Electric,83,89,71,173,71,83,570,7,False,False,,45
797,Celesteela,Steel,97,101,103,107,101,61,570,7,False,False,,45
798,Kartana,Grass,59,181,131,59,31,109,570,7,False,False,,45
799,Guzzlord,Dark,223,101,53,97,53,43,570,7,False,False,,45
644,Zekrom,Dragon,100,150,120,120,100,90,680,5,True,False,,3
801,Magearna,Steel,80,95,115,130,115,65,600,7,False,True,,3
802,Marshadow,Fighting,90,125,80,90,90,125,600,7,False,True,,3
803,Poipole,Poison,67,73,67,73,67,73,420,7,False,False,,45
804,Naganadel,Poison,73,73,73,127,73,121,540,7,False,False,,45
805,Stakataka,Rock,61,131,211,53,101,13,570,7,False,False,,30
806,Blacephalon,Fire,53,127,53,151,79,107,570,7,False,False,,30
807,Zeraora,Electric,88,112,75,102,80,143,600,7,False,True,,3
808,Meltan,Steel,46,65,65,55,35,34,300,7,False,True,,3
809,Melmetal,Steel,135,143,143,80,65,34,600,7,False,True,,3
810,Grookey,Grass,50,65,50,40,40,65,310,8,False,False,,45
811,Thwackey,Grass,70,85,70,55,60,80,420,8,False,False,,45
812,Rillaboom,Grass,100,125,90,60,70,85,530,8,False,False,,45
813,Scorbunny,Fire,50,71,40,40,40,69,310,8,False,False,,45
814,Raboot,Fire,65,86,60,55,60,94,420,8,False,False,,45
815,Cinderace,Fire,80,116,75,65,75,119,530,8,False,False,,45
816,Sobble,Water,50,40,40,70,40,70,310,8,False,False,,45
817,Drizzile,Water,65,60,55,95,55,90,420,8,False,False,,45
818,Inteleon,Water,70,85,65,125,65,120,530,8,False,False,,45
819,Skwovet,Normal,70,55,55,35,35,25,275,8,False,False,,255
820,Greedent,Normal,120,95,95,55,75,20,460,8,False,False,,90
821,Rookidee,Flying,38,47,35,33,35,57,245,8,False,False,,255
822,Corvisquire,Flying,68,67,55,43,55,77,365,8,False,False,,120
823,Corviknight,Flying,98,87,105,53,85,67,495,8,False,False,,45
824,Blipbug,Bug,25,20,20,25,45,45,180,8,False,False,,255
825,Dottler,Bug,50,35,80,50,90,30,335,8,False,False,,120
826,Orbeetle,Bug,60,45,110,80,120,90,505,8,False,False,,45
827,Nickit,Dark,40,28,28,47,52,50,245,8,False,False,,255
828,Thievul,Dark,70,58,58,87,92,90,455,8,False,False,,127
829,Gossifleur,Grass,40,40,60,40,60,10,250,8,False,False,,190
830,Eldegoss,Grass,60,50,90,80,120,60,460,8,False,False,,75
831,Wooloo,Normal,42,40,55,40,45,48,270,8,False,False,,255
832,Dubwool,Normal,72,80,100,60,90,88,490,8,False,False,,127
833,Chewtle,Water,50,64,50,38,38,44,284,8,False,False,,255
834,Drednaw,Water,90,115,90,48,68,74,485,8,False,False,,75
835,Yamper,Electric,59,45,50,40,50,26,270,8,False,False,,255
836,Boltund,Electric,69,90,60,90,60,121,490,8,False,False,,45
837,Rolycoly,Rock,30,40,50,40,50,30,240,8,False,False,,255
838,Carkol,Rock,80,60,90,60,70,50,410,8,False,False,,120
839,Coalossal,Rock,110,80,120,80,90,30,510,8,False,False,,45
840,Applin,Grass,40,40,80,40,40,20,260,8,False,False,,255
841,Flapple,Grass,70,110,80,95,60,70,485,8,False,False,,45
842,Appletun,Grass,110,85,80,100,80,30,485,8,False,False,,45
843,Silicobra,Ground,52,57,75,35,50,46,315,8,False,False,,255
844,Sandaconda,Ground,72,107,125,65,70,71,510,8,False,False,,120
845,Cramorant,Flying,70,85,55,85,95,85,475,8,False,False,,45
846,Arrokuda,Water,41,63,40,40,30,66,280,8,False,False,,255
847,Barraskewda,Water,61,123,60,60,50,136,490,8,False,False,,60
848,Toxel,Electric,40,38,35,54,35,40,242,8,False,False,,75
849,Toxtricity-Amped,Electric,75,98,70,114,70,75,502,8,False,False,,45
850,Sizzlipede,Fire,50,65,45,50,50,45,305,8,False,False,,190
851,Centiskorch,Fire,100,115,65,90,90,65,525,8,False,False,,75
852,Clobbopus,Fighting,50,68,60,50,50,32,310,8,False,False,,180
853,Grapploct,Fighting,80,118,90,70,80,42,480,8,False,False,,45
854,Sinistea,Ghost,40,45,45,74,54,50,308,8,False,False,,120
855,Polteageist,Ghost,60,65,65,134,114,70,508,8,False,False,,60
856,Hatenna,Psychic,42,30,45,56,53,39,265,8,False,False,,235
857,Hattrem,Psychic,57,40,65,86,73,49,370,8,False,False,,120
858,Hatterene,Psychic,57,90,95,136,103,29,510,8,False,False,,45
859,Impidimp,Dark,45,45,30,55,40,50,265,8,False,False,,255
860,Morgrem,Dark,65,60,45,75,55,70,370,8,False,False,,120
861,Grimmsnarl,Dark,95,120,65,95,75,60,510,8,False,False,,45
862,Obstagoon,Dark,93,90,101,60,81,95,520,8,False,False,,45
863,Perrserker,Steel,70,110,100,50,60,50,440,8,False,False,,90
864,Cursola,Ghost,60,95,50,145,130,30,510,8,False,False,,30
865,Sirfetchd,Fighting,62,135,95,68,82,65,507,8,False,False,,45
866,Mr-Rime,Ice,80,85,75,110,100,70,520,8,False,False,,45
867,Runerigus,Ground,58,95,145,50,105,30,483,8,False,False,,90
868,Milcery,Fairy,45,40,40,50,61,34,270,8,False,False,,200
869,Alcremie,Fairy,65,60,75,110,121,64,495,8,False,False,,100
870,Falinks,Fighting,65,100,100,70,60,75,470,8,False,False,,45
871,Pincurchin,Electric,48,101,95,91,85,15,435,8,False,False,,75
872,Snom,Ice,30,25,35,45,30,20,185,8,False,False,,190
873,Frosmoth,Ice,70,65,60,125,90,65,475,8,False,False,,75
874,Stonjourner,Rock,100,125,135,20,20,70,470,8,False,False,,60
875,Eiscue-Ice,Ice,75,80,110,65,90,50,470,8,False,False,,60
876,Indeedee-Male,Psychic,60,65,55,105,95,95,475,8,False,False,,30
877,Morpeko-Full-Belly,Electric,58,95,58,70,58,97,436,8,False,False,,180
878,Cufant,Steel,72,80,49,40,49,40,330,8,False,False,,190
879,Copperajah,Steel,122,130,69,80,69,30,500,8,False,False,,90
880,Dracozolt,Electric,90,100,90,80,70,75,505,8,False,False,,45
881,Arctozolt,Electric,90,100,90,90,80,55,505,8,False,False,,45
882,Dracovish,Water,90,90,100,70,80,75,505,8,False,False,,45
883,Arctovish,Water,90,90,100,80,90,55,505,8,False,False,,45
884,Duraludon,Steel,70,95,115,120,50,85,535,8,False,False,,45
885,Dreepy,Dragon,28,60,30,40,30,82,270,8,False,False,,45
886,Drakloak,Dragon,68,80,50,60,50,102,410,8,False,False,,45
887,Dragapult,Dragon,88,120,75,100,75,142,600,8,False,False,,45
645,Landorus-Incarnate,Ground,89,125,90,115,80,101,600,5,True,False,,3
646,Kyurem,Dragon,125,130,90,130,90,95,660,5,True,False,,3
718,Zygarde-50,Dragon,108,100,121,81,95,95,600,6,True,False,,3
772,Type-Null,Normal,95,95,95,95,95,59,534,7,True,False,,3
773,Silvally,Normal,95,95,95,95,95,95,570,7,True,False,,3
893,Zarude,Dark,105,120,105,70,95,105,600,8,False,True,,3
785,Tapu-Koko,Electric,70,115,85,95,75,130,570,7,True,False,,3
786,Tapu-Lele,Psychic,70,85,75,130,115,95,570,7,True,False,,3
787,Tapu-Bulu,Grass,70,130,115,85,95,75,570,7,True,False,,3
788,Tapu-Fini,Water,70,75,115,95,130,85,570,7,True,False,,3
891,Kubfu,Fighting,60,90,60,53,50,72,385,8,True,False,,3
899,Wyrdeer,Normal,103,105,72,105,75,65,525,8,False,False,,135
900,Kleavor,Bug,70,135,95,45,70,85,500,8,False,False,,115
901,Ursaluna,Ground,130,140,105,45,80,50,550,8,False,False,,75
902,Basculegion-Male,Water,120,112,65,80,75,78,530,8,False,False,,135
903,Sneasler,Fighting,80,130,60,40,80,120,510,8,False,False,,135
904,Overqwil,Dark,85,115,95,65,65,85,510,8,False,False,,135
892,Urshifu-Single-Strike,Fighting,100,130,100,63,60,97,550,8,True,False,,3
906,Sprigatito,Grass,40,61,54,45,45,65,310,9,False,False,,45
907,Floragato,Grass,61,80,63,60,63,83,410,9,False,False,,45
908,Meowscarada,Grass,76,110,70,81,70,123,530,9,False,False,,45
909,Fuecoco,Fire,67,45,59,63,40,36,310,9,False,False,,45
910,Crocalor,Fire,81,55,78,90,58,49,411,9,False,False,,45
911,Skeledirge,Fire,104,75,100,110,75,66,530,9,False,False,,45
912,Quaxly,Water,55,65,45,50,45,50,310,9,False,False,,45
913,Quaxwell,Water,70,85,65,65,60,65,410,9,False,False,,45
914,Quaquaval,Water,85,120,80,85,75,85,530,9,False,False,,45
915,Lechonk,Normal,54,45,40,35,45,35,254,9,False,False,,255
916,Oinkologne-Male,Normal,110,100,75,59,80,65,489,9,False,False,,100
917,Tarountula,Bug,35,41,45,29,40,20,210,9,False,False,,255
918,Spidops,Bug,60,79,92,52,86,35,404,9,False,False,,120
919,Nymble,Bug,33,46,40,21,25,45,210,9,False,False,,190
920,Lokix,Bug,71,102,78,52,55,92,450,9,False,False,,30
921,Pawmi,Electric,45,50,20,40,25,60,240,9,False,False,,190
922,Pawmo,Electric,60,75,40,50,40,85,350,9,False,False,,80
923,Pawmot,Electric,70,115,70,70,60,105,490,9,False,False,,45
924,Tandemaus,Normal,50,50,45,40,45,75,305,9,False,False,,150
925,Maushold-Family-Of-Four,Normal,74,75,70,65,75,111,470,9,False,False,,75
926,Fidough,Fairy,37,55,70,30,55,65,312,9,False,False,,190
927,Dachsbun,Fairy,57,80,115,50,80,95,477,9,False,False,,90
928,Smoliv,Grass,41,35,45,58,51,30,260,9,False,False,,255
929,Dolliv,Grass,52,53,60,78,78,33,354,9,False,False,,120
930,Arboliva,Grass,78,69,90,125,109,39,510,9,False,False,,45
931,Squawkabilly-Green-Plumage,Normal,82,96,51,45,51,92,417,9,False,False,,190
932,Nacli,Rock,55,55,75,35,35,25,280,9,False,False,,255
933,Naclstack,Rock,60,60,100,35,65,35,355,9,False,False,,120
934,Garganacl,Rock,100,100,130,45,90,35,500,9,False,False,,45
935,Charcadet,Fire,40,50,40,50,40,35,255,9,False,False,,90
936,Armarouge,Fire,85,60,100,125,80,75,525,9,False,False,,25
937,Ceruledge,Fire,75,125,80,60,100,85,525,9,False,False,,25
938,Tadbulb,Electric,61,31,41,59,35,45,272,9,False,False,,190
939,Bellibolt,Electric,109,64,91,103,83,45,495,9,False,False,,50
940,Wattrel,Electric,40,40,35,55,40,70,280,9,False,False,,180
941,Kilowattrel,Electric,70,70,60,105,60,125,490,9,False,False,,90
942,Maschiff,Dark,60,78,60,40,51,51,340,9,False,False,,150
943,Mabosstiff,Dark,80,120,90,60,70,85,505,9,False,False,,75
944,Shroodle,Poison,40,65,35,40,35,75,290,9,False,False,,190
945,Grafaiai,Poison,63,95,65,80,72,110,485,9,False,False,,90
946,Bramblin,Grass,40,65,30,45,35,60,275,9,False,False,,190
947,Brambleghast,Grass,55,115,70,80,70,90,480,9,False,False,,45
948,Toedscool,Ground,40,40,35,50,100,70,335,9,False,False,,190
949,Toedscruel,Ground,80,70,65,80,120,100,515,9,False,False,,90
950,Klawf,Rock,70,100,115,35,55,75,450,9,False,False,,120
951,Capsakid,Grass,50,62,40,62,40,50,304,9,False,False,,190
952,Scovillain,Grass,65,108,65,108,65,75,486,9,False,False,,75
953,Rellor,Bug,41,50,60,31,58,30,270,9,False,False,,190
954,Rabsca,Bug,75,50,85,115,100,45,470,9,False,False,,45
955,Flittle,Psychic,30,35,30,55,30,75,255,9,False,False,,120
956,Espathra,Psychic,95,60,60,101,60,105,481,9,False,False,,60
957,Tinkatink,Fairy,50,45,45,35,64,58,297,9,False,False,,190
958,Tinkatuff,Fairy,65,55,55,45,82,78,380,9,False,False,,90
959,Tinkaton,Fairy,85,75,77,70,105,94,506,9,False,False,,45
960,Wiglett,Water,10,55,25,35,25,95,245,9,False,False,,255
961,Wugtrio,Water,35,100,50,50,70,120,425,9,False,False,,50
962,Bombirdier,Flying,70,103,85,60,85,82,485,9,False,False,,25
963,Finizen,Water,70,45,40,45,40,75,315,9,False,False,,200
964,Palafin-Zero,Water,100,70,72,53,62,100,457,9,False,False,,45
965,Varoom,Steel,45,70,63,30,45,47,300,9,False,False,,190
966,Revavroom,Steel,80,119,90,54,67,90,500,9,False,False,,75
967,Cyclizar,Dragon,70,95,65,85,65,121,501,9,False,False,,190
968,Orthworm,Steel,70,85,145,60,55,65,480,9,False,False,,25
969,Glimmet,Rock,48,35,42,105,60,60,350,9,False,False,,70
970,Glimmora,Rock,83,55,90,130,81,86,525,9,False,False,,25
971,Greavard,Ghost,50,61,60,30,55,34,290,9,False,False,,120
972,Houndstone,Ghost,72,101,100,50,97,68,488,9,False,False,,60
973,Flamigo,Flying,82,115,74,75,64,90,500,9,False,False,,100
974,Cetoddle,Ice,108,68,45,30,40,43,334,9,False,False,,150
975,Cetitan,Ice,170,113,65,45,55,73,521,9,False,False,,50
976,Veluza,Water,90,102,73,78,65,70,478,9,False,False,,100
977,Dondozo,Water,150,100,115,65,65,35,530,9,False,False,,25
978,Tatsugiri-Curly,Dragon,68,50,60,120,95,82,475,9,False,False,,100
979,Annihilape,Fighting,110,115,80,50,90,90,535,9,False,False,,45
980,Clodsire,Poison,130,75,60,45,100,20,430,9,False,False,,90
981,Farigiraf,Normal,120,90,70,110,70,60,520,9,False,False,,45
982,Dudunsparce-Two-Segment,Normal,125,100,80,85,75,55,520,9,False,False,,45
983,Kingambit,Dark,100,135,120,60,85,50,550,9,False,False,,25
984,Great-Tusk,Ground,115,131,131,53,53,87,570,9,False,False,,30
985,Scream-Tail,Fairy,115,65,99,65,115,111,570,9,False,False,,50
986,Brute-Bonnet,Grass,111,127,99,79,99,55,570,9,False,False,,50
987,Flutter-Mane,Ghost,55,55,55,135,135,135,570,9,False,False,,30
988,Slither-Wing,Bug,85,135,79,85,105,81,570,9,False,False,,30
989,Sandy-Shocks,Electric,85,81,97,121,85,101,570,9,False,False,,30
990,Iron-Treads,Ground,90,112,120,72,70,106,570,9,False,False,,30
991,Iron-Bundle,Ice,56,80,114,124,60,136,570,9,False,False,,50
992,Iron-Hands,Fighting,154,140,108,50,68,50,570,9,False,False,,50
993,Iron-Jugulis,Dark,94,80,86,122,80,108,570,9,False,False,,30
994,Iron-Moth,Fire,80,70,60,140,110,110,570,9,False,False,,30
995,Iron-Thorns,Rock,100,134,110,70,84,72,570,9,False,False,,30
996,Frigibax,Dragon,65,75,45,35,45,55,320,9,False,False,,45
997,Arctibax,Dragon,90,95,66,45,65,62,423,9,False,False,,25
998,Baxcalibur,Dragon,115,145,92,75,86,87,600,9,False,False,,10
999,Gimmighoul,Ghost,45,30,70,75,70,10,300,9,False,False,,45
1000,Gholdengo,Steel,87,60,95,133,91,84,550,9,False,False,,45
894,Regieleki,Electric,80,100,50,100,50,200,580,8,True,False,,3
895,Regidrago,Dragon,200,100,50,100,50,80,580,8,True,False,,3
896,Glastrier,Ice,100,145,130,65,110,30,580,8,True,False,,3
897,Spectrier,Ghost,100,65,60,145,80,130,580,8,True,False,,3
1005,Roaring-Moon,Dragon,105,139,71,55,101,119,590,9,False,False,,10
1006,Iron-Valiant,Fairy,74,130,90,120,60,116,590,9,False,False,,10
898,Calyrex,Psychic,100,80,80,80,80,80,500,8,True,False,,3
905,Enamorus-Incarnate,Fairy,74,115,70,135,80,106,580,8,True,False,,3
1009,Walking-Wake,Water,99,83,91,125,83,109,590,9,False,False,,5
1010,Iron-Leaves,Grass,90,130,88,70,108,104,590,9,False,False,,5
1011,Dipplin,Grass,80,80,110,95,80,40,485,9,False,False,,45
1012,Poltchageist,Grass,40,45,45,74,54,50,308,9,False,False,,120
1013,Sinistcha,Grass,71,60,106,121,80,70,508,9,False,False,,60
1007,Koraidon,Fighting,100,135,115,85,100,135,670,9,True,False,,3
1008,Miraidon,Electric,100,85,100,135,115,135,670,9,True,False,,3
1014,Okidogi,Poison,88,128,115,58,86,80,555,9,True,False,,3
1015,Munkidori,Poison,88,75,66,130,90,106,555,9,True,False,,3
1018,Archaludon,Steel,90,105,130,125,65,85,600,9,False,False,,10
1019,Hydrapple,Grass,106,80,110,120,80,44,540,9,False,False,,10
1020,Gouging-Fire,Fire,105,115,121,65,93,91,590,9,False,False,,10
1021,Raging-Bolt,Electric,125,73,91,137,89,75,590,9,False,False,,10
1022,Iron-Boulder,Rock,90,120,80,68,108,124,590,9,False,False,,10
1023,Iron-Crown,Steel,90,72,100,122,108,98,590,9,False,False,,10
1016,Fezandipiti,Poison,88,91,82,70,125,99,555,9,True,False,,3
1025,Pecharunt,Poison,88,88,160,88,88,88,600,9,False,True,,3
